{"count":1,"self":22.304966399999998,"total":6636.0713657,"children":{"InitializeActuators":{"count":1,"self":0.0059413999999999995,"total":0.0059413999999999995,"children":null},"InitializeSensors":{"count":1,"self":0.0050167,"total":0.0050167,"children":null},"AgentSendState":{"count":40811,"self":0.3575517,"total":0.92647099999999993,"children":{"CollectObservations":{"count":10236,"self":0.1169817,"total":0.1169817,"children":null},"WriteActionMask":{"count":10236,"self":0.030917999999999998,"total":0.030917999999999998,"children":null},"RequestDecision":{"count":10236,"self":0.1406146,"total":0.4210196,"children":{"AgentInfo.ToProto":{"count":10236,"self":0.1247205,"total":0.28040499999999996,"children":{"GenerateSensorData":{"count":10236,"self":0.1556845,"total":0.1556845,"children":null}}}}}}},"DecideAction":{"count":40811,"self":6612.5901823999993,"total":6612.5901944,"children":null},"AgentAct":{"count":40811,"self":0.22781769999999998,"total":0.22979819999999998,"children":{"AgentInfo.ToProto":{"count":34,"self":0.0009981,"total":0.0019805,"children":{"GenerateSensorData":{"count":34,"self":0.0009824,"total":0.0009824,"children":null}}}}},"AgentInfo.ToProto":{"count":10,"self":0,"total":0,"children":{"GenerateSensorData":{"count":10,"self":0,"total":0,"children":null}}}},"gauges":{"Basic.CumulativeReward":{"count":44,"max":1.48262382,"min":-0.537568569,"runningAverage":0.118750654,"value":0.8778537,"weightedAverage":0.567416251}},"metadata":{"timer_format_version":"0.1.0","start_time_seconds":"1617915004","unity_version":"2020.3.1f1","command_line_arguments":"C:\\Users\\user\\Desktop\\RLNav\\RLAgency\\Builds\\P0\\BasicSingle\\Env.exe --mlagents-port 6031","communication_protocol_version":"1.4.0","com.unity.ml-agents_version":"1.8.1-preview","scene_name":"Pipeline","end_time_seconds":"1617921640"}}